{"type": "block", "layer": 2, "block": 0, "features": [{"geom": {"pts": [[-17.165054768101534, -29.074103537071156, 29.221966757565117]], "r": 0.11670010977356911}, "mtl": 0, "prop": ["NULL", "Belvedere Pass"], "lh": 1.167001097735691}, {"geom": {"pts": [[-8.225110122340896, 16.84692360512299, 32.11903843532265]], "r": 0.11670010977356911}, "mtl": 0, "prop": ["NULL", "Unicorn-Colossal Col"], "lh": 1.167001097735691}, {"geom": {"pts": [[9.618140051781987, -13.08723531122114, 32.99557706257016]], "r": 0.11670010977356911}, "mtl": 0, "prop": ["NULL", "Adamant-Blackfriar Col"], "lh": 1.167001097735691}], "featureCount": 3}