{"type": "block", "layer": 23, "block": 0, "features": [{"geom": {"pts": [[-26.201260739396936, 4.38065990608025, 23.676681542631773]], "r": 0.11670010977356911}, "mtl": 0, "prop": ["NULL", "BMC Adamants Camp 2020m"], "lh": 1.167001097735691}, {"geom": {"pts": [[-9.464810278285496, -7.742057079142642, 31.64116915036728]], "r": 0.11670010977356911}, "mtl": 0, "prop": ["NULL", "Advance Base Camp 2720m"], "lh": 1.167001097735691}], "featureCount": 2}